<?xml version="1.0" encoding="ISO-8859-1"?>
<?xml-stylesheet type="text/css" href="StenioAndrade03.css"?>

<familia>
	
	<amigo celular="998452358" aniversario="14/04">
		<nome>Jaumzinho</nome>
    	<pais>
			<pai>Jaum</pai>
			<mae>Maria</mae>
		</pais>	
	</amigo>
	
	<amigo celular="988965421" aniversario="25/12">
		<nome>Chiquim</nome>
		<pais>
			<pai>Francisco</pai>
			<mae>Joana</mae>
		</pais>	
	</amigo>
	
	<amigo celular="981325479" aniversario="03/08">
		<nome>Zezim</nome>
		<pais>
			<pai>Jose</pai>
			<mae>Marieta</mae>
		</pais>
	</amigo>
	
	<amigo celular="988645237" aniversario="09/10">
		<nome>Tereza</nome>
		<pais>
			<pai>Pedro</pai>
			<mae>Mariana</mae>
		</pais>
	</amigo>
	
</familia> 
