<?xml version="1.0" encoding="UTF-8"?>
<project-private xmlns="http://www.netbeans.org/ns/project-private/1">
    <editor-bookmarks xmlns="http://www.netbeans.org/ns/editor-bookmarks/2" lastBookmarkId="0"/>
    <open-files xmlns="http://www.netbeans.org/ns/projectui-open-files/2">
        <group>
            <file>file:/D:/Stenio/OneDrive/2016.2/Programação%20para%20Web/Atividades/Listas/Lista%201/StenioAndrade_Lista_1/Projeto%20java%20web%20netbeans/Lista_1/src/java/web/Seleciona_Turmas.java</file>
            <file>file:/D:/Stenio/OneDrive/2016.2/Programação%20para%20Web/Atividades/Listas/Lista%201/StenioAndrade_Lista_1/Projeto%20java%20web%20netbeans/Lista_1/src/java/web/Solicitacao_Matricula.java</file>
        </group>
    </open-files>
</project-private>
